domain,url,submit_url,category,type,status,notes
ecobluedirectory.com,https://ecobluedirectory.com,https://ecobluedirectory.com/submit.php,General,instant,OK,Instant approval directory
expansiondirectory.com,https://expansiondirectory.com,https://expansiondirectory.com/submit.php,General,instant,OK,Instant approval directory
fruity-directory.com,https://fruity-directory.com,https://fruity-directory.com/submit.php,General,instant,OK,Instant approval directory
greenydirectory.com,https://greenydirectory.com,https://greenydirectory.com/submit.php,General,instant,OK,Instant approval directory
groovy-directory.com,https://groovy-directory.com,https://groovy-directory.com/submit.php,General,instant,OK,Instant approval directory
dbsdirectory.com,https://dbsdirectory.com,https://dbsdirectory.com/submit.php,General,instant,OK,Instant approval directory
deepbluedirectory.com,https://deepbluedirectory.com,https://deepbluedirectory.com/submit.php,General,instant,OK,Instant approval directory
dicedirectory.com,https://dicedirectory.com,https://dicedirectory.com/submit.php,General,instant,OK,Instant approval directory
direct-directory.com,https://direct-directory.com,https://direct-directory.com/submit.php,General,instant,OK,Instant approval directory
earthlydirectory.com,https://earthlydirectory.com,https://earthlydirectory.com/submit.php,General,instant,OK,Instant approval directory
celestialdirectory.com,https://celestialdirectory.com,https://celestialdirectory.com/submit.php,General,instant,OK,Instant approval directory
cleangreendirectory.com,https://cleangreendirectory.com,https://cleangreendirectory.com/submit.php,General,instant,OK,Instant approval directory
coles-directory.com,https://coles-directory.com,https://coles-directory.com/submit.php,General,instant,OK,Instant approval directory
colorblossomdirectory.com,https://colorblossomdirectory.com,https://colorblossomdirectory.com/submit.php,General,instant,OK,Instant approval directory
darkschemedirectory.com,https://darkschemedirectory.com,https://darkschemedirectory.com/submit.php,General,instant,OK,Instant approval directory
blackandbluedirectory.com,https://blackandbluedirectory.com,https://blackandbluedirectory.com/submit.php,General,instant,OK,Instant approval directory
blackgreendirectory.com,https://blackgreendirectory.com,https://blackgreendirectory.com/submit.php,General,instant,OK,Instant approval directory
bluebook-directory.com,https://bluebook-directory.com,https://bluebook-directory.com/submit.php,General,instant,OK,Instant approval directory
bluesparkledirectory.com,https://bluesparkledirectory.com,https://bluesparkledirectory.com/submit.php,General,instant,OK,Instant approval directory
brownedgedirectory.com,https://brownedgedirectory.com,https://brownedgedirectory.com/submit.php,General,instant,OK,Instant approval directory
alive2directory.com,https://www.alive2directory.com,https://www.alive2directory.com/submit.php,General,instant,OK,Instant approval directory
arcticdirectory.com,https://www.arcticdirectory.com,https://www.arcticdirectory.com/submit.php,General,instant,OK,Instant approval directory
aurora-directory.com,https://www.aurora-directory.com,https://www.aurora-directory.com/submit.php,General,instant,OK,Instant approval directory
azure-directory.com,https://www.azure-directory.com,https://www.azure-directory.com/submit.php,General,instant,OK,Instant approval directory
bizz-directory.com,https://www.bizz-directory.com,https://www.bizz-directory.com/submit.php,General,instant,OK,Instant approval directory
gowwwlist.com,https://gowwwlist.com,https://gowwwlist.com/submit.php,General,instant,OK,Instant approval directory
johnnylist.org,https://johnnylist.org,https://johnnylist.org/submit.php,General,instant,OK,Instant approval directory
webguiding.net,https://webguiding.net,https://webguiding.net/submit.php,General,instant,OK,Instant approval directory
onecooldir.com,https://onecooldir.com,https://onecooldir.com/submit.php,General,instant,OK,Instant approval directory
1directory.org,https://1directory.org,https://1directory.org/submit.php,General,instant,OK,Instant approval directory
authorizeddir.com,https://www.authorizeddir.com,https://www.authorizeddir.com/submit.php,General,instant,OK,Instant approval directory
propellerdir.com,https://www.propellerdir.com,https://www.propellerdir.com/submit.php,General,instant,OK,Instant approval directory
somuch.com,https://www.somuch.com,https://www.somuch.com/submit.asp,General,established,OK,High DA verified directory
gainweb.org,https://www.gainweb.org,https://www.gainweb.org/submit.php,General,established,OK,Verified directory
9sites.net,https://9sites.net,https://9sites.net/submit.php,General,established,OK,Verified directory
01webdirectory.com,https://www.01webdirectory.com,https://www.01webdirectory.com/submit.php,General,established,OK,Verified directory
247webdirectory.com,https://www.247webdirectory.com,https://www.247webdirectory.com/submit.php,General,established,OK,Verified directory
cipinet.com,https://www.cipinet.com,https://www.cipinet.com/submit.php,General,established,OK,Verified directory
fire-directory.com,https://fire-directory.com,https://fire-directory.com/submit.php,General,established,OK,Established web directory
alivelinks.org,https://alivelinks.org,https://alivelinks.org/submit.php,General,established,OK,Established web directory
asklink.org,https://asklink.org,https://asklink.org/submit.php,General,established,OK,Established web directory
businessfreedirectory.biz,https://businessfreedirectory.biz,https://businessfreedirectory.biz/submit.php,Business,established,OK,Free business directory
targetlink.biz,https://targetlink.biz,https://targetlink.biz/submit.php,General,established,OK,Established web directory
sublimelink.org,https://sublimelink.org,https://sublimelink.org/submit.php,General,established,OK,Established web directory
hotlinks.biz,https://hotlinks.biz,https://hotlinks.biz/submit.php,General,established,OK,Established web directory
prolink-directory.com,https://prolink-directory.com,https://prolink-directory.com/submit.php,General,established,OK,Established web directory
alivelink.org,https://alivelink.org,https://alivelink.org/submit.php,General,established,OK,Established web directory
justdirectory.org,https://justdirectory.org,https://justdirectory.org/submit.php,General,established,OK,Established web directory
trafficdirectory.org,https://trafficdirectory.org,https://trafficdirectory.org/submit.php,General,established,OK,Established web directory
unique-listing.com,https://unique-listing.com,https://unique-listing.com/submit.php,General,established,OK,Established web directory
angelsdirectory.com,https://angelsdirectory.com,https://angelsdirectory.com/submit.php,General,established,OK,Established web directory
relevantdirectories.com,https://relevantdirectories.com,https://relevantdirectories.com/submit.php,General,established,OK,Established web directory
efdir.com,https://efdir.com,https://efdir.com/submit.php,General,established,OK,Established web directory
ifidir.com,https://ifidir.com,https://ifidir.com/submit.php,General,established,OK,Established web directory
piratedirectory.org,https://piratedirectory.org,https://piratedirectory.org/submit.php,General,established,OK,Established web directory
relateddirectory.org,https://relateddirectory.org,https://relateddirectory.org/submit.php,General,established,OK,Established web directory
relevantdirectory.biz,https://relevantdirectory.biz,https://relevantdirectory.biz/submit.php,General,established,OK,Established web directory
populardirectory.biz,https://populardirectory.biz,https://populardirectory.biz/submit.php,General,established,OK,Established web directory
directory10.biz,https://directory10.biz,https://directory10.biz/submit.php,General,established,OK,Established web directory
directory4.org,https://directory4.org,https://directory4.org/submit.php,General,established,OK,Established web directory
directory6.org,https://directory6.org,https://directory6.org/submit.php,General,established,OK,Established web directory
populardirectory.org,https://populardirectory.org,https://populardirectory.org/submit.php,General,established,OK,Established web directory
royaldirectory.biz,https://royaldirectory.biz,https://royaldirectory.biz/submit.php,General,established,OK,Established web directory
directory8.org,https://directory8.org,https://directory8.org/submit.php,General,established,OK,Established web directory
directory10.org,https://directory10.org,https://directory10.org/submit.php,General,established,OK,Established web directory
directory9.biz,https://directory9.biz,https://directory9.biz/submit.php,General,established,OK,Established web directory
directory5.org,https://directory5.org,https://directory5.org/submit.php,General,established,OK,Established web directory
directory3.org,https://directory3.org,https://directory3.org/submit.php,General,established,OK,Established web directory
directorydirect.net,https://directorydirect.net,https://directorydirect.net/submit.php,General,established,OK,Established web directory
globaldir.org,https://globaldir.org,https://globaldir.org/submit.php,General,established,OK,Established web directory
nicedir.net,https://nicedir.net,https://nicedir.net/submit.php,General,established,OK,Established web directory
smartdir.org,https://smartdir.org,https://smartdir.org/submit.php,General,established,OK,Established web directory
toptendir.net,https://toptendir.net,https://toptendir.net/submit.php,General,established,OK,Established web directory
homedirectory.biz,https://homedirectory.biz,https://homedirectory.biz/submit.php,General,established,OK,Established web directory
classdirectory.org,https://classdirectory.org,https://classdirectory.org/submit.php,General,established,OK,Established web directory
directdirectory.org,https://directdirectory.org,https://directdirectory.org/submit.php,General,established,OK,Established web directory
harddirectory.net,https://harddirectory.net,https://harddirectory.net/submit.php,General,established,OK,Established web directory
steeldirectory.net,https://steeldirectory.net,https://steeldirectory.net/submit.php,General,established,OK,Established web directory
jet-links.com,https://jet-links.com,https://jet-links.com/submit.php,General,established,OK,Established web directory
ad-links.org,https://ad-links.org,https://ad-links.org/submit.php,General,established,OK,Established web directory
freeweblink.org,https://freeweblink.org,https://freeweblink.org/submit.php,General,established,OK,Established web directory
ask-dir.org,https://ask-dir.org,https://ask-dir.org/submit.php,General,established,OK,Established web directory
link-boy.org,https://link-boy.org,https://link-boy.org/submit.php,General,established,OK,Established web directory
free-weblink.com,https://free-weblink.com,https://free-weblink.com/submit.php,General,established,OK,Established web directory
freeseolink.org,https://freeseolink.org,https://freeseolink.org/submit.php,General,established,OK,Established web directory
justlink.org,https://justlink.org,https://justlink.org/submit.php,General,established,OK,Established web directory
link-man.org,https://link-man.org,https://link-man.org/submit.php,General,established,OK,Established web directory
smartseolink.org,https://smartseolink.org,https://smartseolink.org/submit.php,General,established,OK,Established web directory
addgoodsites.com,https://addgoodsites.com,https://addgoodsites.com/submit.php,General,established,OK,Established web directory
alive-directory.com,https://alive-directory.com,https://alive-directory.com/submit.php,General,established,OK,Established web directory
acedirectory.org,https://acedirectory.org,https://acedirectory.org/submit.php,General,established,OK,Established web directory
bestdirectory4you.com,https://bestdirectory4you.com,https://bestdirectory4you.com/submit.php,General,established,OK,Established web directory
one-sublime-directory.com,https://one-sublime-directory.com,https://one-sublime-directory.com/submit.php,General,established,OK,Established web directory
activdirectory.net,https://activdirectory.net,https://activdirectory.net/submit.php,General,established,OK,Established web directory
a2place.com,https://a2place.com,https://a2place.com/submit.php,General,established,OK,Established web directory
abstractdirectory.net,https://abstractdirectory.net,https://abstractdirectory.net/submit.php,General,established,OK,Established web directory
aweblist.org,https://aweblist.org,https://aweblist.org/submit.php,General,established,OK,Established web directory
bedirectory.com,https://bedirectory.com,https://bedirectory.com/submit.php,General,established,OK,Established web directory
adbritedirectory.com,https://adbritedirectory.com,https://adbritedirectory.com/submit.php,General,established,OK,Established web directory
hotdirectory.net,https://hotdirectory.net,https://hotdirectory.net/submit.php,General,established,OK,Established web directory
addirectory.org,https://addirectory.org,https://addirectory.org/submit.php,General,established,OK,Established web directory
beegdirectory.com,https://beegdirectory.com,https://beegdirectory.com/submit.php,General,established,OK,Established web directory
clicksordirectory.com,https://clicksordirectory.com,https://clicksordirectory.com/submit.php,General,established,OK,Established web directory
huludirectory.com,https://huludirectory.com,https://huludirectory.com/submit.php,General,established,OK,Established web directory
sublimedir.net,https://sublimedir.net,https://sublimedir.net/submit.php,General,established,OK,Established web directory
poordirectory.com,https://poordirectory.com,https://poordirectory.com/submit.php,General,established,OK,Established web directory
ask-directory.com,https://ask-directory.com,https://ask-directory.com/submit.php,General,established,OK,Established web directory
craigslistdirectory.net,https://craigslistdirectory.net,https://craigslistdirectory.net/submit.php,General,established,OK,Established web directory
upsdirectory.com,https://upsdirectory.com,https://upsdirectory.com/submit.php,General,established,OK,Established web directory
bing-directory.com,https://bing-directory.com,https://bing-directory.com/submit.php,General,established,OK,Established web directory
interesting-dir.com,https://interesting-dir.com,https://interesting-dir.com/submit.php,General,established,OK,Established web directory
aquarius-dir.com,https://aquarius-dir.com,https://aquarius-dir.com/submit.php,General,established,OK,Established web directory
face-list.com,https://face-list.com,https://face-list.com/submit.php,General,established,OK,Established web directory
ebay-dir.com,https://ebay-dir.com,https://ebay-dir.com/submit.php,General,established,OK,Established web directory
bestbuydir.com,https://bestbuydir.com,https://bestbuydir.com/submit.php,General,established,OK,Established web directory
target-directory.com,https://target-directory.com,https://target-directory.com/submit.php,General,established,OK,Established web directory
familydir.com,https://familydir.com,https://familydir.com/submit.php,General,established,OK,Established web directory
afunnydir.com,https://afunnydir.com,https://afunnydir.com/submit.php,General,established,OK,Established web directory
backpagedir.com,https://backpagedir.com,https://backpagedir.com/submit.php,General,established,OK,Established web directory
exampledir.com,https://exampledir.com,https://exampledir.com/submit.php,General,established,OK,Established web directory
lemon-directory.com,https://lemon-directory.com,https://lemon-directory.com/submit.php,General,established,OK,Established web directory
seooptimizationdirectory.com,https://seooptimizationdirectory.com,https://seooptimizationdirectory.com/submit.php,General,established,OK,Established web directory
domainnamesseo.com,https://domainnamesseo.com,https://domainnamesseo.com/submit.php,General,established,OK,Established web directory
craigslistdir.org,https://craigslistdir.org,https://craigslistdir.org/submit.php,General,established,OK,Established web directory
searchdomainhere.com,https://searchdomainhere.com,https://searchdomainhere.com/submit.php,General,established,OK,Established web directory
mediafiredirectlink.com,https://mediafiredirectlink.com,https://mediafiredirectlink.com/submit.php,General,established,OK,Established web directory
directoryanalytic.com,https://directoryanalytic.com,https://directoryanalytic.com/submit.php,General,established,OK,Established web directory
linkedin-directory.com,https://linkedin-directory.com,https://linkedin-directory.com/submit.php,General,established,OK,Established web directory
ecodir.net,https://ecodir.net,https://ecodir.net/submit.php,General,established,OK,Established web directory
advancedseodirectory.com,https://advancedseodirectory.com,https://advancedseodirectory.com/submit.php,General,established,OK,Established web directory
apeopledirectory.com,https://apeopledirectory.com,https://apeopledirectory.com/submit.php,General,established,OK,Established web directory
businessfreedirectory.com,https://businessfreedirectory.com,https://businessfreedirectory.com/submit.php,Business,established,OK,Established web directory
411freedirectory.com,https://411freedirectory.com,https://411freedirectory.com/submit.php,General,established,OK,Established web directory
reddit-directory.com,https://reddit-directory.com,https://reddit-directory.com/submit.php,General,established,OK,Established web directory
